time/fps,train/learning_rate,time/time_elapsed,train/reward_mean,train/reward,train/reward_min,train/actor_loss,train/critic_loss,time/total_timesteps,train/n_updates,time/episodes,train/reward_max
22,0.001,504,,7.625645,,-51.26667404174805,37.80009841918945,11572,11471,4,
22,0.001,1017,,7.625645,,-32.051780700683594,6.023073196411133,23144,23043,8,
22,0.001,1541,,7.625645,,-22.027830123901367,3.825366497039795,34716,34615,12,
22,0.001,2078,,7.625645,,-17.302709579467773,10.263823509216309,46288,46187,16,
