time/fps,train/learning_rate,time/time_elapsed,train/reward_mean,train/reward,train/reward_min,train/actor_loss,train/critic_loss,time/total_timesteps,train/n_updates,time/episodes,train/reward_max
23,0.001,493,,2.6678386,,-185.1776123046875,317.46142578125,11572,11471,4,
22,0.001,1009,,2.6678386,,-95.49222564697266,56.628135681152344,23144,23043,8,
22,0.001,1527,,2.6678386,,-81.1900863647461,52.64202117919922,34716,34615,12,
22,0.001,2047,,2.6678386,,-46.70068359375,46.272865295410156,46288,46187,16,
